{"cameraMode":{"drawMode":0,"name":"Shaded","section":"Shading Mode"},"sceneLighting":false,"audioPlay":false,"sceneViewState":{"showFog":true,"showMaterialUpdate":false,"showSkybox":false,"showFlares":true,"showImageEffects":true,"showParticleSystems":true},"in2DMode":false,"pivot":{"x":-0.0878908634185791,"y":0.2982717752456665,"z":-0.08405065536499024},"rotation":{"x":-0.06430811434984207,"y":-0.9354381561279297,"z":0.257377028465271,"w":-0.23368343710899354},"size":6.645235538482666,"orthographic":false}