{"cameraMode":{"drawMode":0,"name":"Shaded","section":"Shading Mode"},"sceneLighting":false,"audioPlay":false,"sceneViewState":{"showFog":true,"showMaterialUpdate":false,"showSkybox":false,"showFlares":true,"showImageEffects":true,"showParticleSystems":true},"in2DMode":false,"pivot":{"x":-0.8256410360336304,"y":0.49730849266052248,"z":-0.06769752502441406},"rotation":{"x":0.41987302899360659,"y":-0.2861727774143219,"z":0.14142802357673646,"w":0.849595308303833},"size":4.519783020019531,"orthographic":false}