{"cameraMode":{"drawMode":0,"name":"Shaded","section":"Shading Mode"},"sceneLighting":false,"audioPlay":false,"sceneViewState":{"showFog":true,"showMaterialUpdate":false,"showSkybox":false,"showFlares":true,"showImageEffects":true,"showParticleSystems":true},"in2DMode":false,"pivot":{"x":-0.8256410360336304,"y":0.49730849266052248,"z":-0.06769752502441406},"rotation":{"x":0.17252233624458314,"y":-0.7672314643859863,"z":0.23104281723499299,"w":0.5729063153266907},"size":16.751184463500978,"orthographic":false}