{"cameraMode":{"drawMode":0,"name":"Shaded","section":"Shading Mode"},"sceneLighting":false,"audioPlay":false,"sceneViewState":{"showFog":true,"showMaterialUpdate":false,"showSkybox":false,"showFlares":true,"showImageEffects":true,"showParticleSystems":true},"in2DMode":false,"pivot":{"x":-3.3913135528564455,"y":7.932353973388672,"z":-3.124124526977539},"rotation":{"x":0.01049796026200056,"y":-0.981911301612854,"z":0.18019939959049226,"w":0.0572064071893692},"size":30.524274826049806,"orthographic":false}