{"cameraMode":{"drawMode":0,"name":"Shaded","section":"Shading Mode"},"sceneLighting":true,"audioPlay":false,"sceneViewState":{"showFog":true,"showMaterialUpdate":false,"showSkybox":true,"showFlares":true,"showImageEffects":true,"showParticleSystems":true},"in2DMode":false,"pivot":{"x":183.04415893554688,"y":2.919879913330078,"z":131.71377563476563},"rotation":{"x":-0.3662760555744171,"y":-0.1140204593539238,"z":0.045279450714588168,"w":-0.9223887324333191},"size":90.8436508178711,"orthographic":false}